{"expected_protocol_list": ["diameter", "s1ap", "gtpv2c"], "node_list": ["MME1", "HSS1", "PCRF1", "PGW1", "eNodeB1", "SGW1"], "ff_info": {"Initial_Attach_Sgw.feature": {"IMSI_range": "405850001000001..405850001000001", "has_parallel": false, "parallel_children": [], "ff_name": "Initial_Attach_Sgw.feature", "uid": "Initial_Attach_Sgw.feature", "parent_uid": "", "start_time": "2021-08-27 13:10:09.759077", "end_time": "2021-08-27 13:10:20.775898", "bring_up_time": 0.6607811450958252, "folder_name": "initial_attach_sgw", "exepcted_protocol_list": ["diameter", "s1ap", "gtpv2c"], "node_list": ["MME1", "HSS1", "PCRF1", "PGW1", "eNodeB1", "SGW1"], "bring_down_time": 2.022397756576538, "total_execution_time": 14.334448337554932}}, "artifact_name": "27Aug2021-13:10:23.081386@initial-attach-sgw", "vendor_name": ["tcs-epc"], "build_name": "SGW_Integration"}