{"expected_protocol_list": ["diameter", "s1ap", "gtpv2c"], "node_list": ["PCRF1", "PGW1", "eNodeB1", "MME1", "HSS1", "SGW1"], "ff_info": {"S1_Setup_after_Attach.feature": {"IMSI_range": "405850000000001..405850000000001", "has_parallel": false, "parallel_children": [], "ff_name": "S1_Setup_after_Attach.feature", "uid": "S1_Setup_after_Attach.feature", "parent_uid": "", "start_time": "2021-08-05 06:30:55.541209", "end_time": "2021-08-05 06:31:04.490253", "bring_up_time": 0.6704838275909424, "folder_name": "s1_setup_after_attach", "exepcted_protocol_list": ["diameter", "s1ap", "gtpv2c"], "node_list": ["PCRF1", "PGW1", "eNodeB1", "MME1", "HSS1", "SGW1"], "bring_down_time": 2.063072443008423, "total_execution_time": 12.243768215179443}}, "artifact_name": "05Aug2021-06:31:06.773849@23401-s1-setup-req-after-attach", "vendor_name": ["tcs-epc"], "build_name": "default-build"}