{"expected_protocol_list": ["diameter", "s1ap", "gtpv2c"], "node_list": ["PCRF1", "PGW1", "eNodeB1", "MME1", "HSS1", "SGW1"], "ff_info": {"S1_Setup_after_Attach.feature": {"IMSI_range": "405850000000001..405850000000001", "has_parallel": false, "parallel_children": [], "ff_name": "S1_Setup_after_Attach.feature", "uid": "S1_Setup_after_Attach.feature", "parent_uid": "", "start_time": "2021-08-05 12:15:05.579912", "end_time": "2021-08-05 12:15:14.442754", "bring_up_time": 0.6934597492218018, "folder_name": "s1_setup_after_attach", "exepcted_protocol_list": ["diameter", "s1ap", "gtpv2c"], "node_list": ["PCRF1", "PGW1", "eNodeB1", "MME1", "HSS1", "SGW1"], "bring_down_time": 2.0245819091796875, "total_execution_time": 12.154695987701416}}, "artifact_name": "05Aug2021-12:15:16.697552@23401-s1-setup-req-after-attach", "vendor_name": ["tcs-epc"], "build_name": "default-build"}