[
{
  "elements": [
    {
      "keyword": "Scenario",
      "location": "../../../../etc/rebaca-test-suite/featureFiles/3GPP-23401-4G/01.S1-Setup/S1_Setup_after_Attach.feature:5",
      "name": "S1 Setup Request - After Attach",
      "status": "failed",
      "steps": [
        {
          "keyword": "Given",
          "location": "../../../../etc/rebaca-test-suite/featureFiles/3GPP-23401-4G/01.S1-Setup/S1_Setup_after_Attach.feature:7",
          "match": {
            "arguments": [
              {
                "value": "/featureFiles/3GPP-23401-4G/02.Attach_procedure_for_EPS_services/Initial_Attach.feature"
              }
            ],
            "location": "bdd/steps/abotbdd/grammar/pre_conditions.py:86"
          },
          "name": "that I execute dependency feature /featureFiles/3GPP-23401-4G/02.Attach_procedure_for_EPS_services/Initial_Attach.feature",
          "result": {
            "duration": 6.843635320663452,
            "error_message": [
              "Assertion Failed: Failed to decode NAS-PDU, please check parameters of nas_pdu",
              "Captured stdout:",
              "./abot-node",
              "-d",
              "--log-level",
              "1",
              "--unique-id",
              "",
              "--rmq-q-consume",
              "abot_enodeb1_request",
              "--rmq-k-consume",
              "abot_enodeb1_request_key",
              "--rmq-k-publish",
              "abot_enodeb1_response_key",
              "--ue-start-index",
              "0",
              "--node-name",
              "eNodeB1",
              "--node-type",
              "eNodeB",
              "--node-subtype",
              "eNodeB"
            ],
            "status": "failed"
          },
          "step_type": "given"
        },
        {
          "keyword": "When",
          "location": "../../../../etc/rebaca-test-suite/featureFiles/3GPP-23401-4G/01.S1-Setup/S1_Setup_after_Attach.feature:9",
          "name": "I send S1AP message S1_SETUP_REQ on interface S1-MME with the following details from node eNodeB1 to MME1",
          "step_type": "when",
          "table": {
            "headings": [
              "parameter",
              "value"
            ],
            "rows": [
              [
                "global_enb_id.plmn_identity.mcc",
                "{abotprop.SUT.MCC}"
              ],
              [
                "global_enb_id.plmn_identity.mnc",
                "{abotprop.SUT.MNC}"
              ],
              [
                "global_enb_id.macro_enb_id",
                "{abotprop.SUT.GLOBAL.MACRO.ENB1.ID}"
              ],
              [
                "enb_name",
                "{abotprop.SUT.ENB.NAME}"
              ],
              [
                "supported_tas_list.0.tac",
                "{abotprop.SUT.TAC}"
              ],
              [
                "supported_tas_list.0.broadcast_plmns.0.plmn_identity.mcc",
                "{abotprop.SUT.MCC}"
              ],
              [
                "supported_tas_list.0.broadcast_plmns.0.plmn_identity.mnc",
                "{abotprop.SUT.MNC}"
              ],
              [
                "paging_drx",
                "{abotprop.SUT.PAGING.DRX}"
              ]
            ]
          }
        },
        {
          "keyword": "Then",
          "location": "../../../../etc/rebaca-test-suite/featureFiles/3GPP-23401-4G/01.S1-Setup/S1_Setup_after_Attach.feature:20",
          "name": "I receive and validate S1AP message S1_SETUP_REQ on interface S1-MME with the following details on node MME1 from eNodeB1",
          "step_type": "then",
          "table": {
            "headings": [
              "parameter",
              "value"
            ],
            "rows": [
              [
                "global_enb_id.plmn_identity.mcc",
                "{integer:eq}({abotprop.SUT.MCC})"
              ],
              [
                "global_enb_id.plmn_identity.mnc",
                "{integer:eq}({abotprop.SUT.MNC})"
              ],
              [
                "global_enb_id.macro_enb_id",
                "{string:eq}({abotprop.SUT.GLOBAL.MACRO.ENB1.ID})"
              ],
              [
                "enb_name",
                "{string:eq}({abotprop.SUT.ENB.NAME})"
              ],
              [
                "supported_tas_list.0.tac",
                "{integer:eq}({abotprop.SUT.TAC})"
              ],
              [
                "supported_tas_list.0.broadcast_plmns.0.plmn_identity.mcc",
                "{integer:eq}({abotprop.SUT.MCC})"
              ],
              [
                "supported_tas_list.0.broadcast_plmns.0.plmn_identity.mnc",
                "{integer:eq}({abotprop.SUT.MNC})"
              ],
              [
                "paging_drx",
                "{string:eq}({abotprop.SUT.PAGING.DRX})"
              ]
            ]
          }
        },
        {
          "keyword": "When",
          "location": "../../../../etc/rebaca-test-suite/featureFiles/3GPP-23401-4G/01.S1-Setup/S1_Setup_after_Attach.feature:31",
          "name": "I send S1AP message S1_SETUP_RES on interface S1-MME with the following details from node MME1 to eNodeB1",
          "step_type": "when",
          "table": {
            "headings": [
              "parameter",
              "value"
            ],
            "rows": [
              [
                "served_gummeis_list.0.served_plmns.0.plmn_identity.mcc",
                "{abotprop.SUT.MCC}"
              ],
              [
                "served_gummeis_list.0.served_plmns.0.plmn_identity.mnc",
                "{abotprop.SUT.MNC}"
              ],
              [
                "served_gummeis_list.0.served_group_ids.0.mme_group_id",
                "{abotprop.SUT.MME.GROUP.ID}"
              ],
              [
                "served_gummeis_list.0.served_mmecs.0.mme_code",
                "{abotprop.SUT.MME.CODE}"
              ],
              [
                "relative_mme_capacity",
                "{abotprop.SUT.RELATIVE.MME.CAPACITY}"
              ],
              [
                "mme_name",
                "{abotprop.SUT.MME.NAME}"
              ],
              [
                "mme_relay_support_indicator",
                "{abotprop.SUT.MME.RELAY.SUPPORT.INDICATOR}"
              ]
            ]
          }
        },
        {
          "keyword": "Then",
          "location": "../../../../etc/rebaca-test-suite/featureFiles/3GPP-23401-4G/01.S1-Setup/S1_Setup_after_Attach.feature:41",
          "name": "I receive and validate S1AP message S1_SETUP_RES on interface S1-MME with the following details on node eNodeB1 from MME1",
          "step_type": "then",
          "table": {
            "headings": [
              "parameter",
              "value"
            ],
            "rows": [
              [
                "served_gummeis_list.0.served_plmns.0.plmn_identity.mcc",
                "{integer:eq}({abotprop.SUT.MCC})"
              ],
              [
                "served_gummeis_list.0.served_plmns.0.plmn_identity.mnc",
                "{integer:eq}({abotprop.SUT.MNC})"
              ],
              [
                "served_gummeis_list.0.served_group_ids.0.mme_group_id",
                "{string:eq}({abotprop.SUT.MME.GROUP.ID})"
              ],
              [
                "served_gummeis_list.0.served_mmecs.0.mme_code",
                "{string:eq}({abotprop.SUT.MME.CODE})"
              ],
              [
                "relative_mme_capacity",
                "{string:eq}({abotprop.SUT.RELATIVE.MME.CAPACITY})"
              ],
              [
                "mme_name",
                "{string:eq}({abotprop.SUT.MME.NAME})"
              ],
              [
                "mme_relay_support_indicator",
                "{string:eq}({abotprop.SUT.MME.RELAY.SUPPORT.INDICATOR})"
              ]
            ]
          }
        }
      ],
      "tags": [],
      "type": "scenario"
    }
  ],
  "keyword": "Feature",
  "location": "../../../../etc/rebaca-test-suite/featureFiles/3GPP-23401-4G/01.S1-Setup/S1_Setup_after_Attach.feature:3",
  "name": "S1-Setup procedure",
  "status": "failed",
  "tags": [
    "23401-s1-setup-req-after-attach",
    "1-s1-setup",
    "23401-4g"
  ]
}
]
